date,amount_earned,expense,quantity_sold,employee_salary,total_profit
01/01/2001,2936,630,11,754,1552
02/01/2001,1753,617,7,709,427
03/01/2001,2543,609,10,771,1163
04/01/2001,1838,906,7,791,141
05/01/2001,4005,630,16,660,2715
06/01/2001,3945,638,15,632,2675
07/01/2001,3267,748,13,653,1866
08/01/2001,3800,813,15,792,2195
09/01/2001,4405,848,17,666,2891
10/01/2001,1946,715,7,642,589
11/01/2001,2842,634,11,669,1539
12/01/2001,3990,593,15,654,2743
13/01/2001,3431,637,13,669,2125
14/01/2001,3598,774,14,619,2205
15/01/2001,1657,615,6,603,439
16/01/2001,1650,768,6,665,217
17/01/2001,3423,899,13,727,1797
18/01/2001,2415,556,9,700,1159
19/01/2001,1486,1000,5,793,-307
20/01/2001,4627,563,18,789,3275
21/01/2001,2485,689,9,690,1106
22/01/2001,1961,612,7,608,741
23/01/2001,4088,949,16,675,2464
24/01/2001,4051,941,16,650,2460
25/01/2001,4714,705,18,630,3379
26/01/2001,4941,678,19,678,3585
27/01/2001,4203,674,16,661,2868
28/01/2001,2427,943,9,725,759
29/01/2001,4994,780,19,602,3612
30/01/2001,3691,922,14,684,2085
31/01/2001,4821,807,19,607,3407
01/02/2001,2189,771,8,700,718
02/02/2001,2006,568,8,741,697
03/02/2001,2627,907,10,663,1057
04/02/2001,4646,674,18,780,3192
05/02/2001,3527,999,14,661,1867
06/02/2001,4788,891,19,690,3207
07/02/2001,1622,884,6,634,104
08/02/2001,4152,945,16,794,2413
09/02/2001,2215,551,8,763,901
10/02/2001,1602,808,6,650,144
11/02/2001,3476,703,13,748,2025
12/02/2001,1256,961,5,620,-325
13/02/2001,2921,993,11,659,1269
14/02/2001,3365,973,13,730,1662
15/02/2001,4107,955,16,710,2442
16/02/2001,3037,717,12,610,1710
17/02/2001,2830,769,11,767,1294
18/02/2001,3944,766,15,657,2521
19/02/2001,3460,965,13,696,1799
20/02/2001,4214,716,16,719,2779
21/02/2001,3771,764,15,700,2307
22/02/2001,3102,711,12,731,1660
23/02/2001,4958,679,19,619,3660
24/02/2001,1156,911,4,759,-514
25/02/2001,3930,973,15,733,2224
26/02/2001,2507,661,10,671,1175
27/02/2001,1497,807,5,661,29
28/02/2001,4838,989,19,684,3165
01/03/2001,3460,680,13,664,2116
02/03/2001,2595,580,10,667,1348
03/03/2001,2675,703,10,654,1318
04/03/2001,3377,928,13,686,1763
05/03/2001,4425,584,17,699,3142
06/03/2001,3330,753,13,720,1857
07/03/2001,4508,623,18,646,3239
08/03/2001,3407,626,13,715,2066
09/03/2001,3660,787,14,729,2144
10/03/2001,2451,578,9,736,1137
11/03/2001,2791,721,11,706,1364
12/03/2001,1535,905,6,613,17
13/03/2001,1185,996,4,760,-571
14/03/2001,2572,635,10,798,1139
15/03/2001,4232,862,16,635,2735
16/03/2001,2604,867,10,722,1015
17/03/2001,3042,692,12,759,1591
18/03/2001,3120,678,12,674,1768
19/03/2001,2357,614,9,603,1140
20/03/2001,4972,557,19,637,3778
21/03/2001,4707,589,18,749,3369
22/03/2001,3326,605,13,628,2093
23/03/2001,4669,910,18,726,3033
24/03/2001,2300,962,9,761,577
25/03/2001,2268,845,9,698,725
26/03/2001,3396,855,13,705,1836
27/03/2001,2239,998,8,757,484
28/03/2001,4111,884,16,744,2483
29/03/2001,2300,643,9,705,952
30/03/2001,4720,901,18,730,3089
31/03/2001,3262,962,13,800,1500
01/04/2001,4001,939,16,716,2346
02/04/2001,1867,696,7,727,444
03/04/2001,4976,673,19,651,3652
04/04/2001,1549,709,6,779,61
05/04/2001,2047,952,8,691,404
06/04/2001,4292,849,17,744,2699
07/04/2001,3595,844,14,672,2079
08/04/2001,1784,648,7,763,373
09/04/2001,2551,788,10,616,1147
10/04/2001,1127,743,4,692,-308
11/04/2001,4427,758,17,645,3024
12/04/2001,3122,833,12,660,1629
13/04/2001,3456,958,13,759,1739
14/04/2001,4340,751,17,758,2831
15/04/2001,1735,946,6,689,100
16/04/2001,1064,660,4,773,-369
17/04/2001,2685,782,10,760,1143
18/04/2001,2485,620,9,643,1222
19/04/2001,2445,674,9,704,1067
20/04/2001,2245,638,8,751,856
21/04/2001,3857,638,15,739,2480
22/04/2001,1678,943,6,661,74
23/04/2001,3152,936,12,725,1491
24/04/2001,2663,743,10,606,1314
25/04/2001,3322,668,13,794,1860
26/04/2001,3174,853,12,712,1609
27/04/2001,3656,654,14,720,2282
28/04/2001,4634,593,18,726,3315
29/04/2001,1943,853,7,683,407
30/04/2001,2415,933,9,793,689
01/05/2001,3215,830,12,606,1779
02/05/2001,4733,906,18,613,3214
03/05/2001,2996,935,11,648,1413
04/05/2001,1532,781,6,752,-1
05/05/2001,3493,841,13,674,1978
06/05/2001,2831,681,11,671,1479
07/05/2001,4380,622,17,721,3037
08/05/2001,3998,773,15,654,2571
09/05/2001,4824,701,19,605,3518
10/05/2001,4722,776,18,717,3229
11/05/2001,3055,630,12,604,1821
12/05/2001,2490,614,9,716,1160
13/05/2001,3682,847,14,640,2195
14/05/2001,3708,568,14,787,2353
15/05/2001,4707,565,18,760,3382
16/05/2001,4996,779,19,739,3478
17/05/2001,4424,1000,17,660,2764
18/05/2001,4545,807,18,769,2969
19/05/2001,1929,619,7,724,586
20/05/2001,3199,719,12,756,1724
21/05/2001,1245,599,4,684,-38
22/05/2001,3651,815,14,715,2121
23/05/2001,4027,913,16,708,2406
24/05/2001,3884,949,15,741,2194
25/05/2001,3014,964,12,646,1404
26/05/2001,2433,735,9,671,1027
27/05/2001,1055,948,4,720,-613
28/05/2001,1792,905,7,763,124
29/05/2001,4803,817,19,761,3225
30/05/2001,3430,613,13,714,2103
31/05/2001,3691,689,14,657,2345
01/06/2001,1483,967,5,722,-206
02/06/2001,4403,645,17,773,2985
03/06/2001,1711,589,6,695,427
04/06/2001,2107,908,8,676,523
05/06/2001,2595,850,10,672,1073
06/06/2001,4657,849,18,659,3149
07/06/2001,1286,726,5,698,-138
08/06/2001,4407,912,17,735,2760
09/06/2001,2448,850,9,651,947
10/06/2001,1911,776,7,726,409
11/06/2001,4478,595,17,666,3217
12/06/2001,2359,924,9,709,726
13/06/2001,2911,589,11,720,1602
14/06/2001,1509,595,6,617,297
15/06/2001,2894,553,11,718,1623
16/06/2001,3158,752,12,725,1681
17/06/2001,4079,707,16,675,2697
18/06/2001,1171,902,4,784,-515
19/06/2001,3068,975,12,785,1308
20/06/2001,4438,905,17,728,2805
21/06/2001,4882,856,19,768,3258
22/06/2001,2803,816,11,796,1191
23/06/2001,2411,914,9,743,754
24/06/2001,3537,659,14,682,2196
25/06/2001,2589,914,10,778,897
26/06/2001,1305,925,5,652,-272
27/06/2001,1969,831,7,789,349
28/06/2001,1278,834,5,613,-169
29/06/2001,4919,603,19,720,3596
30/06/2001,2120,714,8,613,793
01/07/2001,4066,918,16,677,2471
02/07/2001,3177,998,12,709,1470
03/07/2001,4233,693,16,780,2760
04/07/2001,3598,895,14,639,2064
05/07/2001,2698,628,10,730,1340
06/07/2001,4065,682,16,774,2609
07/07/2001,3047,850,12,625,1572
08/07/2001,1552,736,6,696,120
09/07/2001,2210,998,8,697,515
10/07/2001,3462,775,13,722,1965
11/07/2001,1046,765,4,635,-354
12/07/2001,3573,749,14,762,2062
13/07/2001,4692,901,18,737,3054
14/07/2001,1682,659,6,627,396
15/07/2001,1907,590,7,760,557
16/07/2001,2657,862,10,655,1140
17/07/2001,1349,832,5,716,-199
18/07/2001,4282,843,17,698,2741
19/07/2001,2126,941,8,731,454
20/07/2001,1185,642,4,745,-202
21/07/2001,1079,674,4,740,-335
22/07/2001,3045,889,12,626,1530
23/07/2001,3541,950,14,795,1796
24/07/2001,2569,983,10,712,874
25/07/2001,4390,804,17,671,2915
26/07/2001,2899,965,11,766,1168
27/07/2001,3752,664,15,634,2454
28/07/2001,3953,855,15,632,2466
29/07/2001,2144,627,8,604,913
30/07/2001,3929,736,15,630,2563
31/07/2001,1665,906,6,743,16
01/08/2001,2012,647,8,692,673
02/08/2001,2501,931,10,654,916
03/08/2001,1753,685,7,708,360
04/08/2001,4639,859,18,734,3046
05/08/2001,3681,825,14,701,2155
06/08/2001,2239,936,8,655,648
07/08/2001,2573,868,10,689,1016
08/08/2001,4942,772,19,610,3560
09/08/2001,4537,820,18,654,3063
10/08/2001,2811,982,11,691,1138
11/08/2001,3698,747,14,741,2210
12/08/2001,1441,758,5,643,40
13/08/2001,3910,793,15,605,2512
14/08/2001,1119,806,4,667,-354
15/08/2001,2011,903,8,710,398
16/08/2001,1114,789,4,613,-288
17/08/2001,3773,591,15,625,2557
18/08/2001,4910,885,19,603,3422
19/08/2001,2983,715,11,691,1577
20/08/2001,1629,659,6,759,211
21/08/2001,3589,720,14,658,2211
22/08/2001,3372,693,13,667,2012
23/08/2001,2895,650,11,705,1540
24/08/2001,3081,989,12,609,1483
25/08/2001,3526,562,14,657,2307
26/08/2001,1687,998,6,720,-31
27/08/2001,3902,578,15,718,2606
28/08/2001,1227,590,4,726,-89
29/08/2001,1484,651,5,767,66
30/08/2001,3977,696,15,798,2483
31/08/2001,1819,724,7,772,323
01/09/2001,2806,689,11,619,1498
02/09/2001,3897,979,15,607,2311
03/09/2001,1532,875,6,786,-129
04/09/2001,3698,995,14,643,2060
05/09/2001,2281,796,9,660,825
06/09/2001,1465,990,5,666,-191
07/09/2001,3002,678,12,753,1571
08/09/2001,3728,911,14,770,2047
09/09/2001,4475,852,17,657,2966
10/09/2001,1477,976,5,601,-100
11/09/2001,3146,689,12,624,1833
12/09/2001,2060,702,8,629,729
13/09/2001,1831,875,7,762,194
14/09/2001,1366,839,5,746,-219
15/09/2001,4126,627,16,607,2892
16/09/2001,3105,763,12,741,1601
17/09/2001,1428,616,5,698,114
18/09/2001,2517,854,10,631,1032
19/09/2001,1431,627,5,675,129
20/09/2001,3105,619,12,716,1770
21/09/2001,3261,623,13,667,1971
22/09/2001,4179,917,16,602,2660
23/09/2001,4023,945,16,643,2435
24/09/2001,1163,949,4,792,-578
25/09/2001,3398,862,13,775,1761
26/09/2001,4993,824,19,738,3431
27/09/2001,4588,582,18,763,3243
28/09/2001,1317,707,5,774,-164
29/09/2001,1015,687,4,636,-308
30/09/2001,4591,556,18,760,3275
01/10/2001,4803,727,19,650,3426
02/10/2001,3482,695,13,635,2152
03/10/2001,3815,662,15,668,2485
04/10/2001,1588,980,6,708,-100
05/10/2001,2913,990,11,796,1127
06/10/2001,2297,769,9,776,752
07/10/2001,2592,834,10,696,1062
08/10/2001,2652,921,10,783,948
09/10/2001,3894,580,15,780,2534
10/10/2001,2960,966,11,775,1219
11/10/2001,2363,853,9,777,733
12/10/2001,2110,855,8,691,564
13/10/2001,3283,879,13,780,1624
14/10/2001,1217,976,4,643,-402
15/10/2001,1037,551,4,795,-309
16/10/2001,1914,651,7,748,515
17/10/2001,2456,843,9,615,998
18/10/2001,4320,852,17,721,2747
19/10/2001,1870,748,7,698,424
20/10/2001,1837,578,7,749,510
21/10/2001,3347,968,13,750,1629
22/10/2001,4687,993,18,704,2990
23/10/2001,4243,846,16,648,2749
24/10/2001,2435,822,9,785,828
25/10/2001,1403,660,5,775,-32
26/10/2001,3794,967,15,799,2028
27/10/2001,3711,971,14,759,1981
28/10/2001,3947,645,15,665,2637
29/10/2001,4363,791,17,782,2790
30/10/2001,2479,824,9,713,942
31/10/2001,2309,997,9,778,534
01/11/2001,4910,766,19,704,3440
02/11/2001,2273,942,9,776,555
03/11/2001,4851,946,19,604,3301
04/11/2001,4553,719,18,635,3199
05/11/2001,4937,756,19,738,3443
06/11/2001,4456,686,17,624,3146
07/11/2001,3748,604,14,666,2478
08/11/2001,1615,673,6,729,213
09/11/2001,1697,967,6,656,74
10/11/2001,2173,751,8,733,689
11/11/2001,1401,591,5,617,193
12/11/2001,2335,810,9,651,874
13/11/2001,1784,663,7,753,368
14/11/2001,4082,718,16,720,2644
15/11/2001,2478,940,9,646,892
16/11/2001,2103,988,8,751,364
17/11/2001,2091,943,8,647,501
18/11/2001,4546,981,18,725,2840
19/11/2001,1795,939,7,628,228
20/11/2001,1964,668,7,650,646
21/11/2001,1216,570,4,689,-43
22/11/2001,3492,680,13,616,2196
23/11/2001,1203,691,4,618,-106
24/11/2001,4299,989,17,707,2603
25/11/2001,1192,882,4,667,-357
26/11/2001,3049,645,12,782,1622
27/11/2001,4827,886,19,600,3341
28/11/2001,4173,900,16,659,2614
29/11/2001,3083,724,12,671,1688
30/11/2001,2031,757,8,783,491
01/12/2001,2216,829,8,747,640
02/12/2001,3596,692,14,671,2233
03/12/2001,2376,592,9,756,1028
04/12/2001,2814,863,11,643,1308
05/12/2001,2330,891,9,619,820
06/12/2001,2550,973,10,779,798
07/12/2001,2651,713,10,619,1319
08/12/2001,3880,866,15,603,2411
09/12/2001,2535,697,10,726,1112
10/12/2001,2225,606,8,651,968
11/12/2001,3559,864,14,624,2071
12/12/2001,3680,601,14,625,2454
13/12/2001,2982,914,11,781,1287
14/12/2001,3731,598,14,708,2425
15/12/2001,2762,583,11,738,1441
16/12/2001,1592,639,6,656,297
17/12/2001,2148,928,8,769,451
18/12/2001,2354,949,9,740,665
19/12/2001,2819,938,11,767,1114
20/12/2001,4165,798,16,719,2648
21/12/2001,3996,847,15,737,2412
22/12/2001,3185,680,12,798,1707
23/12/2001,4143,906,16,655,2582
24/12/2001,1916,813,7,769,334
25/12/2001,4780,947,19,716,3117
26/12/2001,2711,783,10,662,1266
27/12/2001,2199,968,8,645,586
28/12/2001,4519,984,18,766,2769
29/12/2001,3113,814,12,713,1586
30/12/2001,1631,934,6,605,92
31/12/2001,3998,570,15,671,2757
01/01/2002,2364,642,9,764,958
02/01/2002,3903,559,15,600,2744
03/01/2002,1933,668,7,719,546
04/01/2002,2626,649,10,779,1198
05/01/2002,4745,781,18,678,3286
06/01/2002,3438,799,13,632,2007
07/01/2002,4978,747,19,604,3627
08/01/2002,1769,920,7,733,116
09/01/2002,3195,792,12,798,1605
10/01/2002,1776,591,7,651,534
11/01/2002,3833,658,15,747,2428
12/01/2002,1213,626,4,760,-173
13/01/2002,2966,825,11,634,1507
14/01/2002,4958,634,19,672,3652
15/01/2002,1626,871,6,768,-13
16/01/2002,2773,713,11,612,1448
17/01/2002,2650,714,10,744,1192
18/01/2002,1393,919,5,639,-165
19/01/2002,1098,717,4,716,-335
20/01/2002,1494,551,5,708,235
21/01/2002,3045,553,12,790,1702
22/01/2002,4897,598,19,631,3668
23/01/2002,1347,935,5,652,-240
24/01/2002,4485,612,17,731,3142
25/01/2002,1925,605,7,742,578
26/01/2002,2645,712,10,677,1256
27/01/2002,4237,643,16,628,2966
28/01/2002,4632,557,18,796,3279
29/01/2002,2013,714,8,644,655
30/01/2002,2974,844,11,669,1461
31/01/2002,1644,981,6,623,40
01/02/2002,3247,613,12,787,1847
02/02/2002,2290,737,9,626,927
03/02/2002,2418,986,9,720,712
04/02/2002,1532,732,6,654,146
05/02/2002,3189,827,12,606,1756
06/02/2002,3293,921,13,764,1608
07/02/2002,4398,801,17,739,2858
08/02/2002,1888,601,7,778,509
09/02/2002,4499,926,17,716,2857
10/02/2002,1210,779,4,720,-289
11/02/2002,1334,676,5,700,-42
12/02/2002,4817,914,19,676,3227
13/02/2002,3066,614,12,672,1780
14/02/2002,2841,634,11,712,1495
15/02/2002,3921,673,15,700,2548
16/02/2002,1730,682,6,790,258
17/02/2002,4364,899,17,714,2751
18/02/2002,1911,902,7,672,337
19/02/2002,2225,951,8,772,502
20/02/2002,2083,630,8,795,658
21/02/2002,4984,797,19,650,3537
22/02/2002,3429,790,13,784,1855
23/02/2002,2384,997,9,682,705
24/02/2002,3055,771,12,629,1655
25/02/2002,4976,711,19,602,3663
26/02/2002,2380,561,9,745,1074
27/02/2002,4503,866,18,728,2909
28/02/2002,1365,893,5,797,-325
01/03/2002,1926,996,7,669,261
02/03/2002,3360,951,13,631,1778
03/03/2002,4508,786,18,628,3094
04/03/2002,2119,914,8,760,445
05/03/2002,2881,557,11,648,1676
06/03/2002,2144,734,8,709,701
07/03/2002,1654,939,6,678,37
08/03/2002,2642,556,10,781,1305
09/03/2002,1014,735,4,730,-451
10/03/2002,1309,649,5,636,24
11/03/2002,2082,762,8,698,622
12/03/2002,4133,725,16,724,2684
13/03/2002,3507,778,14,637,2092
14/03/2002,4287,630,17,684,2973
15/03/2002,2810,635,11,656,1519
16/03/2002,1634,728,6,754,152
17/03/2002,3714,774,14,646,2294
18/03/2002,4526,723,18,753,3050
19/03/2002,2032,602,8,729,701
20/03/2002,1519,835,6,725,-41
21/03/2002,1955,634,7,753,568
22/03/2002,2820,714,11,611,1495
23/03/2002,1660,624,6,645,391
24/03/2002,4897,900,19,743,3254
25/03/2002,4294,726,17,644,2924
26/03/2002,2801,806,11,788,1207
27/03/2002,4905,884,19,780,3241
28/03/2002,3946,773,15,626,2547
29/03/2002,3436,818,13,789,1829
30/03/2002,4414,824,17,769,2821
31/03/2002,3675,718,14,667,2290
01/04/2002,1219,706,4,725,-212
02/04/2002,1467,700,5,736,31
03/04/2002,3734,670,14,705,2359
04/04/2002,2717,854,10,742,1121
05/04/2002,4196,686,16,702,2808
06/04/2002,2819,958,11,739,1122
07/04/2002,4292,985,17,606,2701
08/04/2002,1134,943,4,689,-498
09/04/2002,1110,768,4,743,-401
10/04/2002,4238,863,16,719,2656
11/04/2002,1001,713,4,637,-349
12/04/2002,1775,626,7,612,537
13/04/2002,4828,911,19,616,3301
14/04/2002,4737,855,18,676,3206
15/04/2002,1384,705,5,627,52
16/04/2002,4626,761,18,653,3212
17/04/2002,1976,716,7,610,650
18/04/2002,3135,681,12,634,1820
19/04/2002,1209,579,4,615,15
20/04/2002,1155,974,4,692,-511
21/04/2002,1042,629,4,677,-264
22/04/2002,1522,697,6,641,184
23/04/2002,4939,964,19,648,3327
24/04/2002,1666,969,6,665,32
25/04/2002,4398,909,17,783,2706
26/04/2002,2174,764,8,647,763
27/04/2002,3022,762,12,790,1470
28/04/2002,3768,719,15,684,2365
29/04/2002,1830,994,7,737,99
30/04/2002,3022,577,12,667,1778
01/05/2002,4566,598,18,664,3304
02/05/2002,2869,592,11,761,1516
03/05/2002,1154,965,4,773,-584
04/05/2002,1716,991,6,756,-31
05/05/2002,4213,590,16,757,2866
06/05/2002,1029,699,4,724,-394
07/05/2002,2506,777,10,615,1114
08/05/2002,2854,680,11,657,1517
09/05/2002,2281,768,9,690,823
10/05/2002,2185,994,8,747,444
11/05/2002,4028,827,16,603,2598
12/05/2002,2626,864,10,692,1070
13/05/2002,2084,645,8,750,689
14/05/2002,4383,768,17,704,2911
15/05/2002,2942,593,11,607,1742
16/05/2002,3005,981,12,633,1391
17/05/2002,2116,774,8,628,714
18/05/2002,2835,658,11,786,1391
19/05/2002,2652,983,10,626,1043
20/05/2002,4616,786,18,765,3065
21/05/2002,4280,584,17,797,2899
22/05/2002,4003,699,16,703,2601
23/05/2002,2349,933,9,654,762
24/05/2002,2935,981,11,609,1345
25/05/2002,2883,887,11,747,1249
26/05/2002,3068,575,12,740,1753
27/05/2002,3566,932,14,701,1933
28/05/2002,4951,944,19,659,3348
29/05/2002,2931,968,11,680,1283
30/05/2002,4754,889,19,792,3073
31/05/2002,2868,703,11,765,1400
01/06/2002,2308,649,9,757,902
02/06/2002,4458,931,17,781,2746
03/06/2002,5000,582,20,653,3765
04/06/2002,2314,647,9,800,867
05/06/2002,1234,696,4,656,-118
06/06/2002,3012,931,12,722,1359
07/06/2002,4119,807,16,647,2665
08/06/2002,3312,896,13,674,1742
09/06/2002,2909,806,11,783,1320
10/06/2002,2434,641,9,665,1128
11/06/2002,2319,910,9,647,762
12/06/2002,1378,964,5,779,-365
13/06/2002,1225,628,4,697,-100
14/06/2002,4510,825,18,677,3008
15/06/2002,1544,815,6,638,91
16/06/2002,2709,581,10,788,1340
17/06/2002,4272,775,17,745,2752
18/06/2002,1339,882,5,664,-207
19/06/2002,4834,904,19,784,3146
20/06/2002,2129,950,8,692,487
21/06/2002,4574,887,18,790,2897
22/06/2002,4466,891,17,742,2833
23/06/2002,1601,964,6,600,37
24/06/2002,4747,972,18,681,3094
25/06/2002,3861,651,15,690,2520
26/06/2002,3874,899,15,686,2289
27/06/2002,2412,589,9,738,1085
28/06/2002,1921,957,7,750,214
29/06/2002,2164,927,8,641,596
30/06/2002,1301,596,5,653,52
01/07/2002,2763,963,11,616,1184
02/07/2002,1385,600,5,796,-11
03/07/2002,3551,592,14,793,2166
04/07/2002,2553,735,10,609,1209
05/07/2002,1794,573,7,628,593
06/07/2002,1124,749,4,768,-393
07/07/2002,4041,575,16,622,2844
08/07/2002,2564,614,10,771,1179
09/07/2002,4896,897,19,601,3398
10/07/2002,2182,822,8,721,639
11/07/2002,1735,865,6,667,203
12/07/2002,2008,588,8,782,638
13/07/2002,3023,707,12,621,1695
14/07/2002,4477,882,17,784,2811
15/07/2002,3772,728,15,623,2421
16/07/2002,2040,834,8,722,484
17/07/2002,1528,917,6,659,-48
18/07/2002,1864,906,7,727,231
19/07/2002,2891,683,11,602,1606
20/07/2002,1492,752,5,680,60
21/07/2002,1426,717,5,626,83
22/07/2002,2108,928,8,681,499
23/07/2002,4399,976,17,660,2763
24/07/2002,4901,551,19,730,3620
25/07/2002,1331,849,5,700,-218
26/07/2002,3914,863,15,656,2395
27/07/2002,2662,713,10,690,1259
28/07/2002,3251,973,13,770,1508
29/07/2002,4250,592,17,789,2869
30/07/2002,3145,560,12,679,1906
31/07/2002,3796,900,15,627,2269
01/08/2002,3383,611,13,634,2138
02/08/2002,3671,885,14,767,2019
03/08/2002,3614,805,14,649,2160
04/08/2002,1266,695,5,757,-186
05/08/2002,1144,865,4,688,-409
06/08/2002,2721,964,10,782,975
07/08/2002,3473,899,13,700,1874
08/08/2002,4313,599,17,776,2938
09/08/2002,2675,808,10,701,1166
10/08/2002,4983,719,19,694,3570
11/08/2002,2266,701,9,742,823
12/08/2002,3199,973,12,769,1457
13/08/2002,1807,552,7,774,481
14/08/2002,1229,870,4,692,-333
15/08/2002,3734,889,14,685,2160
16/08/2002,4072,946,16,694,2432
17/08/2002,2917,899,11,667,1351
18/08/2002,3788,999,15,730,2059
19/08/2002,1861,598,7,636,627
20/08/2002,5000,612,20,781,3607
21/08/2002,1526,731,6,791,4
22/08/2002,3594,985,14,656,1953
23/08/2002,2847,935,11,676,1236
24/08/2002,2266,769,9,688,809
25/08/2002,3514,735,14,661,2118
26/08/2002,1798,890,7,625,283
27/08/2002,2010,730,8,707,573
28/08/2002,2641,977,10,754,910
29/08/2002,1482,874,5,788,-180
30/08/2002,1411,588,5,763,60
31/08/2002,4427,763,17,759,2905
01/09/2002,4463,882,17,660,2921
02/09/2002,2119,750,8,679,690
03/09/2002,2469,824,9,732,913
04/09/2002,2908,894,11,787,1227
05/09/2002,1380,738,5,637,5
06/09/2002,3312,761,13,660,1891
07/09/2002,3236,758,12,778,1700
08/09/2002,1915,616,7,739,560
09/09/2002,4840,705,19,714,3421
10/09/2002,3505,981,14,712,1812
11/09/2002,2012,724,8,775,513
12/09/2002,4341,909,17,755,2677
13/09/2002,2147,829,8,728,590
14/09/2002,2360,638,9,690,1032
15/09/2002,3689,897,14,723,2069
16/09/2002,1582,973,6,685,-76
17/09/2002,2234,980,8,755,499
18/09/2002,3980,598,15,785,2597
19/09/2002,1984,681,7,621,682
20/09/2002,2272,629,9,716,927
21/09/2002,2806,776,11,749,1281
22/09/2002,1338,880,5,648,-190
23/09/2002,4219,720,16,618,2881
24/09/2002,4669,647,18,637,3385
25/09/2002,1743,554,6,613,576
26/09/2002,4047,834,16,600,2613
27/09/2002,4597,988,18,764,2845
28/09/2002,1547,605,6,795,147
29/09/2002,4357,864,17,792,2701
30/09/2002,3563,884,14,731,1948
01/10/2002,1333,916,5,706,-289
02/10/2002,3585,848,14,669,2068
03/10/2002,4486,791,17,774,2921
04/10/2002,4948,800,19,674,3474
05/10/2002,1764,699,7,664,401
06/10/2002,1689,761,6,749,179
07/10/2002,2085,604,8,681,800
08/10/2002,3498,646,13,639,2213
09/10/2002,1714,708,6,673,333
10/10/2002,4067,859,16,662,2546
11/10/2002,1473,711,5,753,9
12/10/2002,3605,560,14,690,2355
13/10/2002,4215,631,16,712,2872
14/10/2002,3952,825,15,644,2483
15/10/2002,3766,828,15,693,2245
16/10/2002,1744,585,6,709,450
17/10/2002,2756,656,11,617,1483
18/10/2002,4482,603,17,752,3127
19/10/2002,3062,735,12,781,1546
20/10/2002,3848,825,15,629,2394
21/10/2002,2130,805,8,784,541
22/10/2002,2790,767,11,753,1270
23/10/2002,1640,802,6,722,116
24/10/2002,1721,683,6,600,438
25/10/2002,2000,832,8,730,438
26/10/2002,2894,876,11,746,1272
27/10/2002,4368,994,17,626,2748
28/10/2002,2995,879,11,785,1331
29/10/2002,2396,717,9,669,1010
30/10/2002,3541,875,14,793,1873
31/10/2002,3320,703,13,697,1920
01/11/2002,1574,982,6,688,-96
02/11/2002,2925,835,11,615,1475
03/11/2002,2789,950,11,790,1049
04/11/2002,1401,920,5,716,-235
05/11/2002,1356,599,5,601,156
06/11/2002,3052,809,12,786,1457
07/11/2002,3818,713,15,703,2402
08/11/2002,3448,889,13,754,1805
09/11/2002,2032,960,8,630,442
10/11/2002,2996,795,11,605,1596
11/11/2002,4024,662,16,712,2650
12/11/2002,3829,766,15,633,2430
13/11/2002,3741,980,14,785,1976
14/11/2002,3813,924,15,683,2206
15/11/2002,1450,837,5,637,-24
16/11/2002,2529,562,10,628,1339
17/11/2002,1439,732,5,649,58
18/11/2002,4582,617,18,679,3286
19/11/2002,3184,979,12,617,1588
20/11/2002,2215,702,8,630,883
21/11/2002,4835,951,19,658,3226
22/11/2002,3667,903,14,709,2055
23/11/2002,1023,884,4,620,-481
24/11/2002,2209,781,8,743,685
25/11/2002,4947,998,19,725,3224
26/11/2002,2282,818,9,791,673
27/11/2002,3512,837,14,741,1934
28/11/2002,3418,966,13,764,1688
29/11/2002,1715,564,6,776,375
30/11/2002,1502,761,6,690,51
01/12/2002,4932,832,19,775,3325
02/12/2002,4302,689,17,611,3002
03/12/2002,1770,804,7,682,284
04/12/2002,4076,942,16,622,2512
05/12/2002,4646,665,18,638,3343
06/12/2002,4737,999,18,638,3100
07/12/2002,1961,755,7,736,470
08/12/2002,3692,964,14,640,2088
09/12/2002,1859,673,7,678,508
10/12/2002,4360,764,17,601,2995
11/12/2002,1215,817,4,635,-237
12/12/2002,4885,996,19,701,3188
13/12/2002,2203,816,8,725,662
14/12/2002,4496,938,17,748,2810
15/12/2002,4508,958,18,635,2915
16/12/2002,4435,639,17,745,3051
17/12/2002,1530,848,6,738,-56
18/12/2002,1208,966,4,737,-495
19/12/2002,4922,864,19,729,3329
20/12/2002,1880,776,7,645,459
21/12/2002,3298,560,13,632,2106
22/12/2002,1108,896,4,661,-449
23/12/2002,2382,946,9,699,737
24/12/2002,4065,857,16,743,2465
25/12/2002,1215,663,4,677,-125
26/12/2002,1363,794,5,785,-216
27/12/2002,2464,790,9,610,1064
28/12/2002,3076,876,12,632,1568
29/12/2002,1550,583,6,603,364
30/12/2002,3891,956,15,775,2160
31/12/2002,2501,691,10,607,1203
01/01/2003,3032,727,12,738,1567
02/01/2003,4140,870,16,725,2545
03/01/2003,1762,810,7,618,334
04/01/2003,3974,797,15,606,2571
05/01/2003,2702,952,10,686,1064
06/01/2003,4670,638,18,600,3432
07/01/2003,2012,833,8,677,502
08/01/2003,1806,643,7,776,387
09/01/2003,4015,618,16,721,2676
10/01/2003,2305,774,9,682,849
11/01/2003,4128,663,16,652,2813
12/01/2003,2341,816,9,760,765
13/01/2003,4314,646,17,627,3041
14/01/2003,1200,965,4,647,-412
15/01/2003,2633,734,10,725,1174
16/01/2003,2351,796,9,744,811
17/01/2003,4973,776,19,622,3575
18/01/2003,3225,989,12,781,1455
19/01/2003,1206,653,4,729,-176
20/01/2003,2035,772,8,733,530
21/01/2003,3215,653,12,695,1867
22/01/2003,2803,793,11,796,1214
23/01/2003,3068,878,12,770,1420
24/01/2003,1295,964,5,637,-306
25/01/2003,4285,553,17,665,3067
26/01/2003,1136,930,4,794,-588
27/01/2003,2932,573,11,689,1670
28/01/2003,3810,559,15,750,2501
29/01/2003,1310,588,5,628,94
30/01/2003,2500,747,10,748,1005
31/01/2003,4985,656,19,674,3655
01/02/2003,4566,560,18,654,3352
02/02/2003,4384,714,17,682,2988
03/02/2003,3127,744,12,708,1675
04/02/2003,4723,632,18,603,3488
05/02/2003,2762,870,11,780,1112
06/02/2003,2596,747,10,757,1092
07/02/2003,1173,839,4,745,-411
08/02/2003,4786,582,19,675,3529
09/02/2003,2386,884,9,617,885
10/02/2003,4301,572,17,620,3109
11/02/2003,4536,914,18,711,2911
12/02/2003,4815,946,19,656,3213
13/02/2003,1617,911,6,627,79
14/02/2003,1968,999,7,740,229
15/02/2003,3224,823,12,778,1623
16/02/2003,1977,668,7,690,619
17/02/2003,1430,568,5,768,94
18/02/2003,2827,894,11,776,1157
19/02/2003,2049,628,8,771,650
20/02/2003,2056,715,8,776,565
21/02/2003,3344,938,13,745,1661
22/02/2003,1937,651,7,712,574
23/02/2003,2710,985,10,667,1058
24/02/2003,3900,766,15,721,2413
25/02/2003,2337,726,9,644,967
26/02/2003,4897,762,19,687,3448
27/02/2003,1779,778,7,629,372
28/02/2003,3005,717,12,679,1609
01/03/2003,2390,753,9,632,1005
02/03/2003,4063,800,16,740,2523
03/03/2003,4073,801,16,772,2500
04/03/2003,1012,715,4,691,-394
05/03/2003,3848,728,15,660,2460
06/03/2003,3285,735,13,747,1803
07/03/2003,1796,582,7,752,462
08/03/2003,4741,765,18,636,3340
09/03/2003,3279,714,13,621,1944
10/03/2003,1997,914,7,677,406
11/03/2003,2776,730,11,617,1429
12/03/2003,4513,692,18,676,3145
13/03/2003,2983,844,11,700,1439
14/03/2003,1607,743,6,776,88
15/03/2003,3772,915,15,653,2204
16/03/2003,4749,817,18,688,3244
17/03/2003,3179,881,12,637,1661
18/03/2003,2852,563,11,646,1643
19/03/2003,1174,807,4,795,-428
20/03/2003,4152,751,16,689,2712
21/03/2003,1050,992,4,749,-691
22/03/2003,4571,666,18,626,3279
23/03/2003,1904,904,7,725,275
24/03/2003,1261,994,5,613,-346
25/03/2003,3478,699,13,692,2087
26/03/2003,4564,929,18,789,2846
27/03/2003,4739,901,18,777,3061
28/03/2003,1942,889,7,789,264
29/03/2003,2284,914,9,727,643
30/03/2003,3245,881,12,669,1695
31/03/2003,3670,833,14,779,2058
01/04/2003,2542,618,10,612,1312
02/04/2003,2177,902,8,793,482
03/04/2003,1417,557,5,773,87
04/04/2003,2758,827,11,726,1205
05/04/2003,3459,984,13,631,1844
06/04/2003,2479,757,9,650,1072
07/04/2003,3433,965,13,608,1860
08/04/2003,3119,711,12,662,1746
09/04/2003,4852,712,19,609,3531
10/04/2003,4650,877,18,647,3126
11/04/2003,3521,786,14,724,2011
12/04/2003,2533,610,10,785,1138
13/04/2003,2167,958,8,639,570
14/04/2003,1548,908,6,781,-141
15/04/2003,4655,646,18,763,3246
16/04/2003,1467,732,5,695,40
17/04/2003,2853,754,11,655,1444
18/04/2003,4688,904,18,669,3115
19/04/2003,2942,806,11,612,1524
20/04/2003,3678,650,14,756,2272
21/04/2003,3858,697,15,612,2549
22/04/2003,1335,585,5,658,92
23/04/2003,3364,845,13,629,1890
24/04/2003,1455,595,5,721,139
25/04/2003,2334,839,9,783,712
26/04/2003,3141,560,12,607,1974
27/04/2003,4167,672,16,744,2751
28/04/2003,2624,792,10,724,1108
29/04/2003,1843,828,7,761,254
30/04/2003,2401,887,9,786,728
01/05/2003,4076,756,16,618,2702
02/05/2003,4838,974,19,749,3115
03/05/2003,2539,849,10,785,905
04/05/2003,4463,632,17,705,3126
05/05/2003,1620,681,6,614,325
06/05/2003,2782,599,11,660,1523
07/05/2003,2108,867,8,652,589
08/05/2003,4588,561,18,691,3336
09/05/2003,1576,955,6,724,-103
10/05/2003,3648,736,14,754,2158
11/05/2003,1409,723,5,757,-71
12/05/2003,4121,981,16,671,2469
13/05/2003,1711,555,6,678,478
14/05/2003,1147,965,4,640,-458
15/05/2003,3107,912,12,619,1576
16/05/2003,1427,642,5,629,156
17/05/2003,3305,721,13,683,1901
18/05/2003,3195,582,12,774,1839
19/05/2003,1199,872,4,687,-360
20/05/2003,2073,911,8,712,450
21/05/2003,4860,946,19,626,3288
22/05/2003,4015,676,16,732,2607
23/05/2003,3014,992,12,733,1289
24/05/2003,3757,581,15,648,2528
25/05/2003,4964,761,19,790,3413
26/05/2003,2310,735,9,795,780
27/05/2003,4073,756,16,704,2613
28/05/2003,3777,724,15,711,2342
29/05/2003,1182,690,4,798,-306
30/05/2003,1282,998,5,627,-343
31/05/2003,1436,652,5,710,74
01/06/2003,2246,707,8,790,749
02/06/2003,1668,744,6,608,316
03/06/2003,1003,573,4,641,-211
04/06/2003,1297,666,5,657,-26
05/06/2003,1615,861,6,616,138
06/06/2003,4425,680,17,683,3062
07/06/2003,3165,989,12,721,1455
08/06/2003,2868,869,11,688,1311
09/06/2003,1013,815,4,600,-402
10/06/2003,1444,926,5,662,-144
11/06/2003,3675,913,14,677,2085
12/06/2003,3908,878,15,673,2357
13/06/2003,4619,598,18,667,3354
14/06/2003,3745,856,14,628,2261
15/06/2003,3604,636,14,613,2355
16/06/2003,4277,763,17,705,2809
17/06/2003,3609,742,14,637,2230
18/06/2003,3630,597,14,661,2372
19/06/2003,2438,776,9,734,928
20/06/2003,3038,937,12,606,1495
21/06/2003,2142,977,8,653,512
22/06/2003,4804,957,19,693,3154
23/06/2003,2243,800,8,650,793
24/06/2003,4896,875,19,629,3392
25/06/2003,3346,593,13,712,2041
26/06/2003,3921,868,15,749,2304
27/06/2003,1002,629,4,764,-391
28/06/2003,2336,664,9,653,1019
29/06/2003,2501,968,10,675,858
30/06/2003,3189,780,12,676,1733
01/07/2003,1865,712,7,707,446
02/07/2003,1353,985,5,755,-387
03/07/2003,1306,990,5,768,-452
04/07/2003,3335,933,13,700,1702
05/07/2003,3949,791,15,737,2421
06/07/2003,3518,783,14,701,2034
07/07/2003,3523,852,14,671,2000
08/07/2003,3053,911,12,637,1505
09/07/2003,4354,645,17,675,3034
10/07/2003,4033,587,16,682,2764
11/07/2003,3119,907,12,672,1540
12/07/2003,2650,813,10,665,1172
13/07/2003,3433,772,13,628,2033
14/07/2003,3336,999,13,729,1608
15/07/2003,3134,963,12,786,1385
16/07/2003,1552,570,6,616,366
17/07/2003,4715,924,18,637,3154
18/07/2003,4050,910,16,755,2385
19/07/2003,2854,596,11,686,1572
20/07/2003,3623,588,14,711,2324
21/07/2003,2239,825,8,745,669
22/07/2003,2237,824,8,702,711
23/07/2003,1507,647,6,671,189
24/07/2003,1590,842,6,699,49
25/07/2003,4141,690,16,648,2803
26/07/2003,2201,939,8,740,522
27/07/2003,4275,629,17,726,2920
28/07/2003,2582,706,10,691,1185
29/07/2003,1147,792,4,607,-252
30/07/2003,1434,660,5,629,145
31/07/2003,4374,704,17,654,3016
01/08/2003,1327,849,5,710,-232
02/08/2003,3058,992,12,647,1419
03/08/2003,3704,960,14,680,2064
04/08/2003,3033,916,12,603,1514
05/08/2003,3281,994,13,639,1648
06/08/2003,3817,759,15,703,2355
07/08/2003,4039,621,16,722,2696
08/08/2003,1315,875,5,641,-201
09/08/2003,4257,669,17,615,2973
10/08/2003,3841,850,15,763,2228
11/08/2003,2018,929,8,636,453
12/08/2003,3863,880,15,658,2325
13/08/2003,4803,887,19,674,3242
14/08/2003,1082,570,4,797,-285
15/08/2003,4296,843,17,671,2782
16/08/2003,3549,730,14,627,2192
17/08/2003,3157,966,12,745,1446
18/08/2003,4579,718,18,659,3202
19/08/2003,4994,676,19,737,3581
20/08/2003,2617,923,10,752,942
21/08/2003,2006,747,8,641,618
22/08/2003,4109,875,16,734,2500
23/08/2003,3327,896,13,646,1785
24/08/2003,4294,573,17,678,3043
25/08/2003,1781,867,7,735,179
26/08/2003,2631,870,10,644,1117
27/08/2003,1155,663,4,687,-195
28/08/2003,2580,677,10,689,1214
29/08/2003,2013,672,8,638,703
30/08/2003,4246,765,16,658,2823
31/08/2003,2217,997,8,747,473
01/09/2003,4254,802,17,661,2791
02/09/2003,2661,622,10,665,1374
03/09/2003,2515,803,10,743,969
04/09/2003,3255,627,13,634,1994
05/09/2003,4763,802,19,612,3349
06/09/2003,2909,750,11,619,1540
07/09/2003,4208,847,16,799,2562
08/09/2003,2100,875,8,670,555
09/09/2003,1006,853,4,725,-572
10/09/2003,1911,728,7,644,539
11/09/2003,1429,570,5,629,230
12/09/2003,2459,587,9,726,1146
13/09/2003,4666,844,18,703,3119
14/09/2003,3901,638,15,717,2546
15/09/2003,3247,686,12,745,1816
16/09/2003,3868,904,15,782,2182
17/09/2003,4358,643,17,686,3029
18/09/2003,1667,951,6,765,-49
19/09/2003,1266,948,5,667,-349
20/09/2003,4549,684,18,777,3088
21/09/2003,1658,935,6,744,-21
22/09/2003,3484,697,13,615,2172
23/09/2003,1227,564,4,634,29
24/09/2003,4174,638,16,686,2850
25/09/2003,3828,816,15,686,2326
26/09/2003,2440,964,9,797,679
27/09/2003,2404,801,9,683,920
28/09/2003,2383,624,9,725,1034
29/09/2003,4450,815,17,624,3011
30/09/2003,3325,762,13,609,1954
01/10/2003,4238,912,16,775,2551
02/10/2003,1507,725,6,719,63
03/10/2003,1606,905,6,695,6
04/10/2003,1233,928,4,604,-299
05/10/2003,4861,811,19,703,3347
06/10/2003,1982,685,7,768,529
07/10/2003,2950,968,11,762,1220
08/10/2003,2446,647,9,756,1043
09/10/2003,4606,833,18,601,3172
10/10/2003,3864,661,15,753,2450
11/10/2003,1714,925,6,631,158
12/10/2003,3184,731,12,681,1772
13/10/2003,3037,601,12,700,1736
14/10/2003,3481,713,13,729,2039
15/10/2003,1567,585,6,701,281
16/10/2003,3175,797,12,781,1597
17/10/2003,4991,865,19,768,3358
18/10/2003,2878,637,11,704,1537
19/10/2003,1593,642,6,602,349
20/10/2003,1525,674,6,769,82
21/10/2003,1410,685,5,719,6
22/10/2003,2833,667,11,739,1427
23/10/2003,4983,860,19,673,3450
24/10/2003,2091,830,8,663,598
25/10/2003,4407,889,17,797,2721
26/10/2003,4674,838,18,608,3228
27/10/2003,1969,686,7,674,609
28/10/2003,3103,731,12,716,1656
29/10/2003,2125,818,8,748,559
30/10/2003,1477,962,5,656,-141
31/10/2003,2184,666,8,745,773
01/11/2003,1619,752,6,706,161
02/11/2003,1361,647,5,662,52
03/11/2003,4989,985,19,697,3307
04/11/2003,1923,805,7,749,369
05/11/2003,3927,930,15,784,2213
06/11/2003,2569,617,10,728,1224
07/11/2003,2199,865,8,675,659
08/11/2003,4686,927,18,736,3023
09/11/2003,3084,624,12,657,1803
10/11/2003,3445,821,13,639,1985
11/11/2003,4903,828,19,623,3452
12/11/2003,4059,838,16,708,2513
13/11/2003,3696,729,14,762,2205
14/11/2003,4921,921,19,766,3234
15/11/2003,1638,901,6,669,68
16/11/2003,4402,738,17,750,2914
17/11/2003,4729,555,18,632,3542
18/11/2003,4958,931,19,668,3359
19/11/2003,3386,946,13,714,1726
20/11/2003,4979,617,19,748,3614
21/11/2003,3111,799,12,674,1638
22/11/2003,4649,685,18,702,3262
23/11/2003,1120,757,4,793,-430
24/11/2003,1004,964,4,615,-575
25/11/2003,2491,926,9,672,893
26/11/2003,1070,985,4,696,-611
27/11/2003,1693,909,6,731,53
28/11/2003,4561,932,18,616,3013
29/11/2003,3260,606,13,603,2051
30/11/2003,4976,719,19,626,3631
01/12/2003,2493,819,9,741,933
02/12/2003,4806,966,19,788,3052
03/12/2003,2037,770,8,678,589
04/12/2003,3105,962,12,623,1520
05/12/2003,3083,935,12,660,1488
06/12/2003,1555,890,6,650,15
07/12/2003,1555,848,6,641,66
08/12/2003,3955,654,15,789,2512
09/12/2003,2529,567,10,611,1351
10/12/2003,1203,754,4,799,-350
11/12/2003,4804,784,19,619,3401
12/12/2003,1118,802,4,800,-484
13/12/2003,3211,579,12,800,1832
14/12/2003,4977,871,19,702,3404
15/12/2003,1508,894,6,611,3
16/12/2003,3924,721,15,662,2541
17/12/2003,1727,898,6,672,157
18/12/2003,2315,855,9,688,772
19/12/2003,2459,876,9,698,885
20/12/2003,3472,994,13,656,1822
21/12/2003,3678,600,14,687,2391
22/12/2003,1047,591,4,641,-185
23/12/2003,3713,843,14,659,2211
24/12/2003,1848,849,7,727,272
25/12/2003,4493,981,17,623,2889
26/12/2003,4923,750,19,626,3547
27/12/2003,4858,888,19,604,3366
28/12/2003,2909,840,11,612,1457
29/12/2003,2970,794,11,716,1460
30/12/2003,4003,756,16,772,2475
31/12/2003,2996,851,11,773,1372
01/01/2004,4997,863,19,713,3421
02/01/2004,1554,781,6,769,4
03/01/2004,1762,750,7,755,257
04/01/2004,1486,647,5,761,78
05/01/2004,2570,641,10,674,1255
06/01/2004,1805,960,7,606,239
07/01/2004,4927,987,19,799,3141
08/01/2004,4288,999,17,797,2492
09/01/2004,2352,666,9,687,999
10/01/2004,3007,676,12,747,1584
11/01/2004,1404,626,5,613,165
12/01/2004,3413,808,13,699,1906
13/01/2004,3106,582,12,731,1793
14/01/2004,3917,813,15,709,2395
15/01/2004,3883,803,15,640,2440
16/01/2004,1156,602,4,742,-188
17/01/2004,4343,598,17,706,3039
18/01/2004,3036,789,12,625,1622
19/01/2004,3474,725,13,609,2140
20/01/2004,4713,760,18,645,3308
21/01/2004,1068,962,4,691,-585
22/01/2004,2666,871,10,712,1083
23/01/2004,2068,690,8,608,770
24/01/2004,1647,834,6,738,75
25/01/2004,3671,649,14,749,2273
26/01/2004,3264,749,13,757,1758
27/01/2004,3846,930,15,676,2240
28/01/2004,4930,828,19,633,3469
29/01/2004,4528,749,18,709,3070
30/01/2004,4567,810,18,626,3131
31/01/2004,1967,804,7,652,511
01/02/2004,2527,617,10,651,1259
02/02/2004,2044,644,8,600,800
03/02/2004,3258,658,13,615,1985
04/02/2004,4465,800,17,687,2978
05/02/2004,4365,981,17,760,2624
06/02/2004,2393,772,9,773,848
07/02/2004,3168,698,12,639,1831
08/02/2004,1238,670,4,681,-113
09/02/2004,4885,820,19,613,3452
10/02/2004,1859,718,7,783,358
11/02/2004,3423,570,13,639,2214
12/02/2004,1841,916,7,668,257
13/02/2004,1603,556,6,733,314
14/02/2004,1992,748,7,683,561
15/02/2004,2138,986,8,629,523
16/02/2004,4938,599,19,675,3664
17/02/2004,1221,943,4,614,-336
18/02/2004,4682,719,18,612,3351
19/02/2004,1853,639,7,761,453
20/02/2004,3509,811,14,726,1972
21/02/2004,3757,911,15,736,2110
22/02/2004,2221,642,8,676,903
23/02/2004,4941,586,19,613,3742
24/02/2004,3150,769,12,736,1645
25/02/2004,1613,990,6,754,-131
26/02/2004,2940,912,11,746,1282
27/02/2004,1665,706,6,613,346
28/02/2004,1434,863,5,790,-219
29/02/2004,2340,780,9,638,922
01/03/2004,4649,794,18,777,3078
02/03/2004,3198,873,12,644,1681
03/03/2004,2798,593,11,782,1423
04/03/2004,2949,610,11,626,1713
05/03/2004,1769,972,7,700,97
06/03/2004,2955,767,11,727,1461
07/03/2004,4982,572,19,747,3663
08/03/2004,3521,958,14,756,1807
09/03/2004,2407,908,9,776,723
10/03/2004,1473,841,5,716,-84
11/03/2004,4751,733,19,733,3285
12/03/2004,2370,709,9,743,918
13/03/2004,2418,988,9,681,749
14/03/2004,4407,838,17,643,2926
15/03/2004,3796,579,15,781,2436
16/03/2004,2685,744,10,724,1217
17/03/2004,3824,888,15,773,2163
18/03/2004,4935,642,19,722,3571
19/03/2004,2252,677,9,672,903
20/03/2004,2982,688,11,714,1580
21/03/2004,1870,827,7,796,247
22/03/2004,1638,657,6,740,241
23/03/2004,3670,646,14,649,2375
24/03/2004,1382,693,5,604,85
25/03/2004,1080,653,4,775,-348
26/03/2004,4721,889,18,732,3100
27/03/2004,1202,974,4,651,-423
28/03/2004,1270,819,5,765,-314
29/03/2004,4385,578,17,609,3198
30/03/2004,3377,862,13,739,1776
31/03/2004,2401,684,9,653,1064
01/04/2004,1655,715,6,647,293
02/04/2004,4510,995,18,758,2757
03/04/2004,2685,657,10,649,1379
04/04/2004,4142,568,16,668,2906
05/04/2004,1592,598,6,656,338
06/04/2004,1566,810,6,765,-9
07/04/2004,1760,779,7,607,374
08/04/2004,1380,726,5,677,-23
09/04/2004,4308,745,17,607,2956
10/04/2004,4717,909,18,684,3124
11/04/2004,1373,722,5,692,-41
12/04/2004,2864,994,11,798,1072
13/04/2004,4349,565,17,777,3007
14/04/2004,4937,634,19,762,3541
15/04/2004,3634,776,14,681,2177
16/04/2004,4059,830,16,664,2565
17/04/2004,2006,770,8,723,513
18/04/2004,1072,939,4,800,-667
19/04/2004,1315,793,5,745,-223
20/04/2004,3672,823,14,671,2178
21/04/2004,1893,857,7,751,285
22/04/2004,2335,881,9,613,841
23/04/2004,3936,746,15,666,2524
24/04/2004,2564,627,10,768,1169
25/04/2004,4057,672,16,687,2698
26/04/2004,4406,646,17,716,3044
27/04/2004,2513,816,10,606,1091
28/04/2004,3482,811,13,623,2048
29/04/2004,4826,850,19,641,3335
30/04/2004,1121,710,4,713,-302
01/05/2004,2818,738,11,698,1382
02/05/2004,3401,977,13,634,1790
03/05/2004,3118,552,12,775,1791
04/05/2004,2061,653,8,611,797
05/05/2004,2502,877,10,693,932
06/05/2004,2553,584,10,703,1266
07/05/2004,3336,672,13,721,1943
08/05/2004,4282,639,17,793,2850
09/05/2004,2237,989,8,619,629
10/05/2004,4513,898,18,760,2855
11/05/2004,2331,859,9,701,771
12/05/2004,1866,660,7,698,508
13/05/2004,3968,951,15,669,2348
14/05/2004,1692,994,6,655,43
15/05/2004,1800,598,7,757,445
16/05/2004,4258,966,17,649,2643
17/05/2004,3859,823,15,721,2315
18/05/2004,4087,702,16,687,2698
19/05/2004,4601,744,18,696,3161
20/05/2004,2884,584,11,672,1628
21/05/2004,1896,554,7,602,740
22/05/2004,2855,630,11,744,1481
23/05/2004,4697,783,18,789,3125
24/05/2004,1142,687,4,744,-289
25/05/2004,2431,661,9,758,1012
26/05/2004,1482,732,5,608,142
27/05/2004,2290,883,9,644,763
28/05/2004,3227,920,12,666,1641
29/05/2004,4256,683,17,662,2911
30/05/2004,1856,996,7,731,129
31/05/2004,3892,804,15,692,2396
01/06/2004,2240,807,8,721,712
02/06/2004,3573,894,14,764,1915
03/06/2004,4166,936,16,751,2479
04/06/2004,2521,848,10,618,1055
05/06/2004,4927,580,19,742,3605
06/06/2004,4895,899,19,685,3311
07/06/2004,1408,931,5,778,-301
08/06/2004,4794,649,19,747,3398
09/06/2004,4532,964,18,631,2937
10/06/2004,3925,672,15,713,2540
11/06/2004,2660,682,10,640,1338
12/06/2004,3501,939,14,659,1903
13/06/2004,2308,692,9,686,930
14/06/2004,1901,805,7,752,344
15/06/2004,1596,915,6,691,-10
16/06/2004,2350,609,9,628,1113
17/06/2004,1597,724,6,694,179
18/06/2004,1459,713,5,689,57
19/06/2004,2757,712,11,662,1383
20/06/2004,2512,563,10,700,1249
21/06/2004,2037,770,8,745,522
22/06/2004,1780,948,7,675,157
23/06/2004,2596,551,10,698,1347
24/06/2004,3350,633,13,711,2006
25/06/2004,2279,569,9,781,929
26/06/2004,2441,967,9,759,715
27/06/2004,2821,559,11,600,1662
28/06/2004,3144,550,12,703,1891
29/06/2004,4556,790,18,758,3008
30/06/2004,1340,942,5,682,-284
01/07/2004,1748,947,6,690,111
02/07/2004,2406,648,9,648,1110
03/07/2004,1067,601,4,770,-304
04/07/2004,2542,986,10,714,842
05/07/2004,4331,577,17,639,3115
06/07/2004,2140,951,8,681,508
07/07/2004,2820,712,11,690,1418
08/07/2004,2840,570,11,675,1595
09/07/2004,3979,925,15,604,2450
10/07/2004,1398,656,5,759,-17
11/07/2004,2694,809,10,733,1152
12/07/2004,3043,860,12,602,1581
13/07/2004,4843,559,19,730,3554
14/07/2004,3111,775,12,674,1662
15/07/2004,2399,989,9,605,805
16/07/2004,4358,592,17,724,3042
17/07/2004,3145,688,12,761,1696
18/07/2004,4315,947,17,682,2686
19/07/2004,2309,788,9,746,775
20/07/2004,2982,812,11,691,1479
21/07/2004,1157,982,4,636,-461
22/07/2004,2263,733,9,662,868
23/07/2004,4564,907,18,718,2939
24/07/2004,2807,986,11,629,1192
25/07/2004,1951,811,7,611,529
26/07/2004,3047,834,12,737,1476
27/07/2004,2213,739,8,610,864
28/07/2004,4572,550,18,764,3258
29/07/2004,4069,723,16,720,2626
30/07/2004,2563,608,10,648,1307
31/07/2004,4287,780,17,776,2731
01/08/2004,4226,901,16,700,2625
02/08/2004,3296,842,13,772,1682
03/08/2004,1564,793,6,712,59
04/08/2004,1299,735,5,778,-214
05/08/2004,3978,730,15,718,2530
06/08/2004,3351,756,13,646,1949
07/08/2004,2824,922,11,600,1302
08/08/2004,4283,658,17,650,2975
09/08/2004,3426,830,13,618,1978
10/08/2004,2139,916,8,757,466
11/08/2004,1013,882,4,601,-470
12/08/2004,2864,960,11,601,1303
13/08/2004,4181,815,16,622,2744
14/08/2004,1019,953,4,707,-641
15/08/2004,3824,804,15,699,2321
16/08/2004,1205,949,4,602,-346
17/08/2004,4596,906,18,653,3037
18/08/2004,4417,983,17,754,2680
19/08/2004,1447,788,5,704,-45
20/08/2004,1093,590,4,607,-104
21/08/2004,2049,586,8,603,860
22/08/2004,2772,551,11,645,1576
23/08/2004,2457,719,9,717,1021
24/08/2004,4298,867,17,740,2691
25/08/2004,2881,574,11,793,1514
26/08/2004,3716,865,14,719,2132
27/08/2004,3610,953,14,684,1973
28/08/2004,4561,642,18,793,3126
29/08/2004,3230,741,12,668,1821
30/08/2004,4839,773,19,659,3407
31/08/2004,3831,998,15,654,2179
01/09/2004,2938,603,11,666,1669
02/09/2004,1361,589,5,690,82
03/09/2004,1050,796,4,698,-444
04/09/2004,2522,978,10,600,944
05/09/2004,4675,629,18,673,3373
06/09/2004,3336,936,13,676,1724
07/09/2004,3971,908,15,729,2334
08/09/2004,2071,993,8,654,424
09/09/2004,3413,556,13,602,2255
10/09/2004,2622,704,10,713,1205
11/09/2004,1439,915,5,632,-108
12/09/2004,2850,744,11,727,1379
13/09/2004,4632,965,18,776,2891
14/09/2004,4561,931,18,618,3012
15/09/2004,2366,775,9,772,819
16/09/2004,2959,584,11,662,1713
17/09/2004,2762,786,11,679,1297
18/09/2004,4298,815,17,605,2878
19/09/2004,2755,910,11,728,1117
20/09/2004,1986,991,7,716,279
21/09/2004,1621,707,6,711,203
22/09/2004,1845,718,7,784,343
23/09/2004,4445,945,17,732,2768
24/09/2004,2569,879,10,728,962
25/09/2004,3544,978,14,670,1896
26/09/2004,2069,990,8,714,365
27/09/2004,2444,950,9,748,746
28/09/2004,4498,939,17,682,2877
29/09/2004,2747,943,10,697,1107
30/09/2004,4829,865,19,635,3329
01/10/2004,3843,587,15,726,2530
02/10/2004,2899,897,11,637,1365
03/10/2004,1502,676,6,704,122
04/10/2004,4495,956,17,643,2896
05/10/2004,1297,936,5,782,-421
06/10/2004,2555,668,10,627,1260
07/10/2004,1044,860,4,608,-424
08/10/2004,2628,758,10,690,1180
09/10/2004,3900,827,15,706,2367
10/10/2004,4431,732,17,762,2937
11/10/2004,2210,629,8,697,884
12/10/2004,4044,870,16,639,2535
13/10/2004,2109,675,8,710,724
14/10/2004,3349,723,13,679,1947
15/10/2004,3659,852,14,780,2027
16/10/2004,4131,834,16,763,2534
17/10/2004,4549,931,18,674,2944
18/10/2004,2306,769,9,750,787
19/10/2004,1982,905,7,661,416
20/10/2004,3783,593,15,726,2464
21/10/2004,1060,605,4,778,-323
22/10/2004,3900,843,15,780,2277
23/10/2004,3977,899,15,677,2401
24/10/2004,4691,584,18,623,3484
25/10/2004,2837,610,11,675,1552
26/10/2004,1632,847,6,722,63
27/10/2004,1835,983,7,729,123
28/10/2004,2483,703,9,634,1146
29/10/2004,2290,593,9,691,1006
30/10/2004,3149,788,12,660,1701
31/10/2004,1232,561,4,754,-83
01/11/2004,2649,796,10,753,1100
02/11/2004,2395,576,9,789,1030
03/11/2004,3985,678,15,783,2524
04/11/2004,3850,678,15,780,2392
05/11/2004,4044,753,16,740,2551
06/11/2004,1255,843,5,720,-308
07/11/2004,4067,878,16,718,2471
08/11/2004,4568,660,18,612,3296
09/11/2004,1933,557,7,754,622
10/11/2004,3228,896,12,697,1635
11/11/2004,1994,552,7,774,668
12/11/2004,2156,934,8,614,608
13/11/2004,4758,948,19,750,3060
14/11/2004,1366,587,5,786,-7
15/11/2004,1551,908,6,609,34
16/11/2004,1307,602,5,697,8
17/11/2004,1273,738,5,787,-252
18/11/2004,4104,920,16,600,2584
19/11/2004,2987,641,11,640,1706
20/11/2004,4187,997,16,692,2498
21/11/2004,4794,876,19,642,3276
22/11/2004,4217,977,16,710,2530
23/11/2004,4115,954,16,728,2433
24/11/2004,3963,998,15,693,2272
25/11/2004,2733,891,10,642,1200
26/11/2004,2926,630,11,668,1628
27/11/2004,4105,655,16,700,2750
28/11/2004,2178,998,8,719,461
29/11/2004,2211,830,8,747,634
30/11/2004,4752,896,19,708,3148
01/12/2004,1936,885,7,779,272
02/12/2004,4523,670,18,732,3121
03/12/2004,1052,645,4,748,-341
04/12/2004,3266,891,13,738,1637
05/12/2004,4578,684,18,779,3115
06/12/2004,4137,758,16,770,2609
07/12/2004,4728,789,18,732,3207
08/12/2004,3802,634,15,629,2539
09/12/2004,2392,656,9,752,984
10/12/2004,3599,784,14,681,2134
11/12/2004,1524,715,6,635,174
12/12/2004,4558,632,18,778,3148
13/12/2004,4173,859,16,737,2577
14/12/2004,4594,598,18,603,3393
15/12/2004,4512,670,18,667,3175
16/12/2004,1198,730,4,641,-173
17/12/2004,3067,921,12,762,1384
18/12/2004,1215,908,4,664,-357
19/12/2004,3331,718,13,640,1973
20/12/2004,4987,569,19,618,3800
21/12/2004,2199,940,8,735,524
22/12/2004,3138,875,12,631,1632
23/12/2004,1537,618,6,737,182
24/12/2004,1605,800,6,765,40
25/12/2004,1032,955,4,720,-643
26/12/2004,3452,786,13,733,1933
27/12/2004,4689,749,18,690,3250
28/12/2004,3048,982,12,635,1431
29/12/2004,1446,599,5,735,112
30/12/2004,3399,676,13,785,1938
31/12/2004,2289,964,9,601,724
01/01/2005,3674,704,14,604,2366
02/01/2005,2443,835,9,601,1007
03/01/2005,1947,767,7,777,403
04/01/2005,3845,627,15,766,2452
05/01/2005,1704,987,6,773,-56
06/01/2005,3146,854,12,705,1587
07/01/2005,2229,977,8,705,547
08/01/2005,3444,765,13,719,1960
09/01/2005,1235,965,4,756,-486
10/01/2005,1531,953,6,633,-55
11/01/2005,1003,563,4,796,-356
12/01/2005,1385,596,5,797,-8
13/01/2005,2503,955,10,681,867
14/01/2005,2341,823,9,647,871
15/01/2005,2250,974,9,693,583
16/01/2005,1586,648,6,741,197
17/01/2005,3399,822,13,642,1935
18/01/2005,2248,716,8,725,807
19/01/2005,4303,631,17,790,2882
20/01/2005,4171,864,16,683,2624
21/01/2005,3229,584,12,684,1961
22/01/2005,4788,598,19,767,3423
23/01/2005,2273,612,9,754,907
24/01/2005,2260,879,9,759,622
25/01/2005,1995,800,7,640,555
26/01/2005,4699,650,18,678,3371
27/01/2005,3282,776,13,689,1817
28/01/2005,3548,938,14,797,1813
29/01/2005,1467,602,5,631,234
30/01/2005,1489,942,5,638,-91
31/01/2005,3894,771,15,743,2380
01/02/2005,3696,630,14,691,2375
02/02/2005,2842,998,11,731,1113
03/02/2005,1241,558,4,784,-101
04/02/2005,4175,791,16,795,2589
05/02/2005,2655,771,10,737,1147
06/02/2005,2204,866,8,633,705
07/02/2005,4573,893,18,649,3031
08/02/2005,4331,926,17,714,2691
09/02/2005,3475,830,13,618,2027
10/02/2005,4412,645,17,661,3106
11/02/2005,2766,614,11,754,1398
12/02/2005,3109,636,12,695,1778
13/02/2005,1139,755,4,624,-240
14/02/2005,4880,825,19,616,3439
15/02/2005,4084,591,16,742,2751
16/02/2005,1102,888,4,797,-583
17/02/2005,1806,741,7,705,360
18/02/2005,4396,640,17,745,3011
19/02/2005,4843,802,19,773,3268
20/02/2005,1058,645,4,616,-203
21/02/2005,2609,853,10,709,1047
22/02/2005,2617,778,10,750,1089
23/02/2005,2218,810,8,734,674
24/02/2005,3869,964,15,617,2288
25/02/2005,4881,685,19,618,3578
26/02/2005,1909,972,7,788,149
27/02/2005,4506,866,18,742,2898
28/02/2005,3449,698,13,787,1964
01/03/2005,2627,827,10,787,1013
02/03/2005,2813,931,11,643,1239
03/03/2005,3732,615,14,732,2385
04/03/2005,1432,994,5,643,-205
05/03/2005,4647,550,18,723,3374
06/03/2005,2260,654,9,777,829
07/03/2005,3032,765,12,752,1515
08/03/2005,2036,736,8,765,535
09/03/2005,3984,561,15,602,2821
10/03/2005,3857,837,15,637,2383
11/03/2005,4157,822,16,619,2716
12/03/2005,2046,1000,8,722,324
13/03/2005,4082,745,16,612,2725
14/03/2005,3688,574,14,710,2404
15/03/2005,1770,584,7,763,423
16/03/2005,1632,608,6,793,231
17/03/2005,4280,816,17,623,2841
18/03/2005,3323,829,13,649,1845
19/03/2005,1228,597,4,784,-153
20/03/2005,2897,862,11,790,1245
21/03/2005,1362,668,5,674,20
22/03/2005,2258,744,9,602,912
23/03/2005,4012,727,16,783,2502
24/03/2005,1825,865,7,731,229
25/03/2005,4231,591,16,608,3032
26/03/2005,3040,590,12,761,1689
27/03/2005,4020,946,16,682,2392
28/03/2005,1906,680,7,739,487
29/03/2005,3861,891,15,695,2275
30/03/2005,3871,654,15,753,2464
31/03/2005,1139,784,4,609,-254
01/04/2005,1142,762,4,680,-300
02/04/2005,3883,834,15,604,2445
03/04/2005,2841,898,11,659,1284
04/04/2005,4565,734,18,722,3109
05/04/2005,3599,736,14,672,2191
06/04/2005,1015,829,4,786,-600
07/04/2005,3065,582,12,632,1851
08/04/2005,4996,873,19,779,3344
09/04/2005,1593,873,6,755,-35
10/04/2005,1226,875,4,637,-286
11/04/2005,2735,968,10,748,1019
12/04/2005,3351,679,13,704,1968
13/04/2005,2850,648,11,692,1510
14/04/2005,2689,994,10,604,1091
15/04/2005,3057,675,12,721,1661
16/04/2005,3396,957,13,753,1686
17/04/2005,1055,1000,4,682,-627
18/04/2005,1398,869,5,628,-99
19/04/2005,3497,803,13,726,1968
20/04/2005,1794,981,7,789,24
21/04/2005,3708,740,14,639,2329
22/04/2005,4178,689,16,739,2750
23/04/2005,4457,709,17,627,3121
24/04/2005,2589,701,10,761,1127
25/04/2005,4980,741,19,702,3537
26/04/2005,2515,614,10,767,1134
27/04/2005,2338,714,9,766,858
28/04/2005,4379,802,17,724,2853
29/04/2005,3941,787,15,797,2357
30/04/2005,2108,682,8,749,677
01/05/2005,4186,880,16,740,2566
02/05/2005,2964,929,11,680,1355
03/05/2005,2554,777,10,697,1080
04/05/2005,3837,720,15,700,2417
05/05/2005,4407,745,17,791,2871
06/05/2005,4444,936,17,632,2876
07/05/2005,3241,846,12,629,1766
08/05/2005,2867,841,11,666,1360
09/05/2005,3104,989,12,771,1344
10/05/2005,1442,831,5,789,-178
11/05/2005,4351,966,17,635,2750
12/05/2005,2721,915,10,768,1038
13/05/2005,3586,710,14,613,2263
14/05/2005,2139,921,8,716,502
15/05/2005,1209,731,4,744,-266
16/05/2005,1765,953,7,729,83
17/05/2005,1275,739,5,782,-246
18/05/2005,2578,939,10,786,853
19/05/2005,2074,997,8,678,399
20/05/2005,2988,848,11,640,1500
21/05/2005,4181,841,16,724,2616
22/05/2005,4705,626,18,660,3419
23/05/2005,2824,721,11,728,1375
24/05/2005,2383,966,9,625,792
25/05/2005,2746,687,10,756,1303
26/05/2005,4143,720,16,629,2794
27/05/2005,1791,986,7,737,68
28/05/2005,1169,679,4,600,-110
29/05/2005,4419,693,17,737,2989
30/05/2005,1731,939,6,615,177
31/05/2005,2714,831,10,752,1131
01/06/2005,3678,602,14,747,2329
02/06/2005,4385,852,17,713,2820
03/06/2005,1523,996,6,661,-134
04/06/2005,2420,633,9,716,1071
05/06/2005,1459,708,5,641,110
06/06/2005,2495,574,9,667,1254
07/06/2005,4733,876,18,680,3177
08/06/2005,2462,553,9,604,1305
09/06/2005,4156,571,16,630,2955
10/06/2005,3703,629,14,787,2287
11/06/2005,2063,634,8,631,798
12/06/2005,3546,849,14,748,1949
13/06/2005,1123,663,4,724,-264
14/06/2005,3933,653,15,756,2524
15/06/2005,3820,785,15,692,2343
16/06/2005,2679,842,10,783,1054
17/06/2005,2602,596,10,624,1382
18/06/2005,4066,701,16,768,2597
19/06/2005,2335,934,9,628,773
20/06/2005,4169,657,16,721,2791
21/06/2005,2506,807,10,787,912
22/06/2005,4278,662,17,704,2912
23/06/2005,3408,702,13,736,1970
24/06/2005,1655,682,6,767,206
25/06/2005,3330,847,13,695,1788
26/06/2005,4864,987,19,685,3192
27/06/2005,1099,586,4,736,-223
28/06/2005,2657,779,10,682,1196
29/06/2005,4188,667,16,637,2884
30/06/2005,2100,982,8,626,492
01/07/2005,4730,722,18,758,3250
02/07/2005,1758,792,7,638,328
03/07/2005,2254,979,9,664,611
04/07/2005,2550,692,10,698,1160
05/07/2005,3840,818,15,748,2274
06/07/2005,3149,567,12,712,1870
07/07/2005,3481,924,13,617,1940
08/07/2005,1307,664,5,741,-98
09/07/2005,4264,564,17,626,3074
10/07/2005,4347,973,17,655,2719
11/07/2005,3671,981,14,663,2027
12/07/2005,2413,956,9,679,778
13/07/2005,3669,619,14,709,2341
14/07/2005,1680,952,6,631,97
15/07/2005,4419,866,17,752,2801
16/07/2005,3725,935,14,771,2019
17/07/2005,3605,908,14,710,1987
18/07/2005,1730,724,6,614,392
19/07/2005,4648,930,18,784,2934
20/07/2005,2888,655,11,791,1442
21/07/2005,3607,907,14,713,1987
22/07/2005,2316,851,9,798,667
23/07/2005,2284,767,9,605,912
24/07/2005,1621,984,6,607,30
25/07/2005,1252,950,5,635,-333
26/07/2005,3731,940,14,641,2150
27/07/2005,4185,563,16,793,2829
28/07/2005,3828,673,15,604,2551
29/07/2005,1126,732,4,711,-317
30/07/2005,4139,934,16,777,2428
31/07/2005,1137,797,4,612,-272
01/08/2005,4821,749,19,620,3452
02/08/2005,1557,556,6,621,380
03/08/2005,1200,760,4,713,-273
04/08/2005,4457,808,17,766,2883
05/08/2005,1368,761,5,777,-170
06/08/2005,4993,882,19,734,3377
07/08/2005,1898,791,7,734,373
08/08/2005,4436,586,17,658,3192
09/08/2005,2201,668,8,798,735
10/08/2005,4631,681,18,686,3264
11/08/2005,2803,591,11,745,1467
12/08/2005,4955,891,19,737,3327
13/08/2005,2509,674,10,700,1135
14/08/2005,4297,823,17,613,2861
15/08/2005,3958,835,15,703,2420
16/08/2005,1454,919,5,659,-124
17/08/2005,1247,763,4,764,-280
18/08/2005,3395,568,13,685,2142
19/08/2005,2718,780,10,739,1199
20/08/2005,3437,854,13,790,1793
21/08/2005,1776,940,7,745,91
22/08/2005,4849,653,19,686,3510
23/08/2005,2778,703,11,637,1438
24/08/2005,2688,821,10,700,1167
25/08/2005,3743,767,14,766,2210
26/08/2005,3151,832,12,676,1643
27/08/2005,3971,694,15,703,2574
28/08/2005,4933,790,19,667,3476
29/08/2005,2034,641,8,763,630
30/08/2005,2442,661,9,725,1056
31/08/2005,3697,588,14,723,2386
01/09/2005,1784,556,7,616,612
02/09/2005,2621,724,10,767,1130
03/09/2005,3346,555,13,691,2100
04/09/2005,2230,600,8,696,934
05/09/2005,1707,649,6,647,411
06/09/2005,1197,807,4,600,-210
07/09/2005,4855,884,19,701,3270
08/09/2005,3668,877,14,646,2145
09/09/2005,4263,745,17,788,2730
10/09/2005,2286,812,9,761,713
11/09/2005,3046,744,12,770,1532
12/09/2005,3439,817,13,771,1851
13/09/2005,2407,857,9,713,837
14/09/2005,3884,788,15,686,2410
15/09/2005,1285,640,5,708,-63
16/09/2005,3087,678,12,637,1772
17/09/2005,3673,680,14,660,2333
18/09/2005,2553,667,10,684,1202
19/09/2005,3801,675,15,774,2352
20/09/2005,3185,558,12,680,1947
21/09/2005,1374,890,5,648,-164
22/09/2005,1565,844,6,655,66
23/09/2005,3180,954,12,798,1428
24/09/2005,4119,895,16,752,2472
25/09/2005,4989,731,19,749,3509
26/09/2005,4968,718,19,633,3617
27/09/2005,1574,911,6,756,-93
28/09/2005,2202,568,8,741,893
29/09/2005,1821,959,7,669,193
30/09/2005,3472,977,13,697,1798
01/10/2005,4257,888,17,704,2665
02/10/2005,3410,870,13,800,1740
03/10/2005,2406,631,9,748,1027
04/10/2005,1343,998,5,680,-335
05/10/2005,3132,749,12,608,1775
06/10/2005,1137,912,4,704,-479
07/10/2005,3745,863,14,759,2123
08/10/2005,3469,963,13,617,1889
09/10/2005,1697,730,6,743,224
10/10/2005,3174,602,12,609,1963
11/10/2005,4493,742,17,641,3110
12/10/2005,1403,571,5,750,82
13/10/2005,4376,980,17,660,2736
14/10/2005,1601,808,6,644,149
15/10/2005,2489,808,9,783,898
16/10/2005,4735,844,18,742,3149
17/10/2005,3583,716,14,787,2080
18/10/2005,4288,963,17,714,2611
19/10/2005,2648,915,10,722,1011
20/10/2005,4138,748,16,727,2663
21/10/2005,2880,640,11,625,1615
22/10/2005,1710,807,6,644,259
23/10/2005,1958,810,7,747,401
24/10/2005,3500,620,14,695,2185
25/10/2005,1561,571,6,754,236
26/10/2005,4566,855,18,650,3061
27/10/2005,4381,860,17,787,2734
28/10/2005,3136,578,12,600,1958
29/10/2005,2117,958,8,672,487
30/10/2005,1756,729,7,771,256
31/10/2005,4952,621,19,637,3694
01/11/2005,2029,707,8,771,551
02/11/2005,3213,796,12,645,1772
03/11/2005,3641,999,14,627,2015
04/11/2005,4816,638,19,700,3478
05/11/2005,3799,769,15,787,2243
06/11/2005,2192,649,8,601,942
07/11/2005,4880,721,19,711,3448
08/11/2005,4966,994,19,609,3363
09/11/2005,2839,796,11,794,1249
10/11/2005,4613,668,18,683,3262
11/11/2005,1861,689,7,785,387
12/11/2005,4185,762,16,639,2784
13/11/2005,1363,664,5,757,-58
14/11/2005,1707,966,6,679,62
15/11/2005,3234,721,12,661,1852
16/11/2005,2671,857,10,662,1152
17/11/2005,3575,765,14,724,2086
18/11/2005,2584,809,10,696,1079
19/11/2005,1985,946,7,764,275
20/11/2005,1313,685,5,710,-82
21/11/2005,1803,698,7,645,460
22/11/2005,1949,890,7,777,282
23/11/2005,4131,836,16,657,2638
24/11/2005,3346,957,13,760,1629
25/11/2005,1174,664,4,603,-93
26/11/2005,2326,890,9,643,793
27/11/2005,1084,961,4,737,-614
28/11/2005,3835,664,15,773,2398
29/11/2005,3568,658,14,717,2193
30/11/2005,4726,697,18,661,3368
01/12/2005,3164,623,12,750,1791
02/12/2005,4429,747,17,667,3015
03/12/2005,1158,662,4,744,-248
04/12/2005,3546,812,14,750,1984
05/12/2005,4427,559,17,670,3198
06/12/2005,3295,987,13,791,1517
07/12/2005,1046,950,4,622,-526
08/12/2005,1778,856,7,640,282
09/12/2005,4572,610,18,721,3241
10/12/2005,2202,913,8,615,674
11/12/2005,1058,713,4,617,-272
12/12/2005,1932,561,7,795,576
13/12/2005,3018,655,12,653,1710
14/12/2005,4159,969,16,656,2534
15/12/2005,2060,762,8,657,641
16/12/2005,3467,590,13,667,2210
17/12/2005,1273,702,5,613,-42
18/12/2005,2980,895,11,735,1350
19/12/2005,3833,890,15,688,2255
20/12/2005,2925,722,11,633,1570
21/12/2005,1719,972,6,696,51
22/12/2005,1204,732,4,778,-306
23/12/2005,3642,638,14,694,2310
24/12/2005,2036,569,8,762,705
25/12/2005,3818,613,15,651,2554
26/12/2005,2824,904,11,761,1159
27/12/2005,1525,635,6,712,178
28/12/2005,2975,758,11,644,1573
29/12/2005,1891,771,7,662,458
30/12/2005,2206,962,8,659,585
31/12/2005,2894,904,11,623,1367
01/01/2006,4781,618,19,785,3378
02/01/2006,2116,910,8,699,507
03/01/2006,4516,897,18,615,3004
04/01/2006,1542,659,6,785,98
05/01/2006,4498,632,17,621,3245
06/01/2006,2483,624,9,793,1066
07/01/2006,3774,799,15,789,2186
08/01/2006,2454,570,9,680,1204
09/01/2006,2080,942,8,615,523
10/01/2006,2451,955,9,710,786
11/01/2006,2734,982,10,711,1041
12/01/2006,1718,759,6,634,325
13/01/2006,4513,747,18,764,3002
14/01/2006,3678,931,14,647,2100
15/01/2006,1706,939,6,779,-12
16/01/2006,3143,966,12,690,1487
17/01/2006,2934,591,11,781,1562
18/01/2006,2661,566,10,643,1452
19/01/2006,4038,730,16,638,2670
20/01/2006,2246,963,8,655,628
21/01/2006,4762,683,19,777,3302
22/01/2006,3224,914,12,633,1677
23/01/2006,2344,615,9,710,1019
24/01/2006,3352,558,13,773,2021
25/01/2006,1105,665,4,635,-195
26/01/2006,3009,654,12,716,1639
27/01/2006,2927,761,11,641,1525
28/01/2006,3527,950,14,783,1794
29/01/2006,3798,874,15,670,2254
30/01/2006,3490,812,13,742,1936
31/01/2006,4896,653,19,700,3543
01/02/2006,1982,639,7,664,679
02/02/2006,1724,957,6,702,65
03/02/2006,3555,742,14,737,2076
04/02/2006,4728,666,18,765,3297
05/02/2006,4579,847,18,617,3115
06/02/2006,4665,566,18,617,3482
07/02/2006,4605,656,18,727,3222
08/02/2006,4895,709,19,691,3495
09/02/2006,3056,702,12,616,1738
10/02/2006,1464,600,5,609,255
11/02/2006,2562,787,10,724,1051
12/02/2006,1967,660,7,765,542
13/02/2006,2958,798,11,704,1456
14/02/2006,4223,884,16,617,2722
15/02/2006,4773,720,19,748,3305
16/02/2006,4210,743,16,673,2794
17/02/2006,2600,705,10,746,1149
18/02/2006,4373,982,17,624,2767
19/02/2006,4100,554,16,777,2769
20/02/2006,3339,559,13,635,2145
21/02/2006,2127,620,8,768,739
22/02/2006,3939,980,15,749,2210
23/02/2006,3318,654,13,758,1906
24/02/2006,1471,931,5,731,-191
25/02/2006,1766,580,7,698,488
26/02/2006,3690,648,14,733,2309
27/02/2006,3500,819,14,737,1944
28/02/2006,3218,934,12,777,1507
01/03/2006,1908,759,7,654,495
02/03/2006,4868,663,19,604,3601
03/03/2006,1962,988,7,800,174
04/03/2006,2901,582,11,790,1529
05/03/2006,1136,963,4,660,-487
06/03/2006,1390,961,5,788,-359
07/03/2006,4073,722,16,624,2727
08/03/2006,3673,988,14,695,1990
09/03/2006,2824,580,11,792,1452
10/03/2006,1795,869,7,682,244
11/03/2006,4498,579,17,799,3120
12/03/2006,3846,618,15,723,2505
13/03/2006,1802,833,7,764,205
14/03/2006,3381,951,13,634,1796
15/03/2006,4802,714,19,756,3332
16/03/2006,2135,791,8,777,567
17/03/2006,2114,619,8,743,752
18/03/2006,1884,846,7,652,386
19/03/2006,4588,872,18,604,3112
20/03/2006,4528,784,18,609,3135
21/03/2006,3775,908,15,702,2165
22/03/2006,2980,565,11,765,1650
23/03/2006,2135,970,8,632,533
24/03/2006,4057,876,16,751,2430
25/03/2006,4172,986,16,628,2558
26/03/2006,3641,732,14,781,2128
27/03/2006,1493,603,5,690,200
28/03/2006,3056,764,12,738,1554
29/03/2006,2837,576,11,684,1577
30/03/2006,2772,550,11,746,1476
31/03/2006,3992,747,15,657,2588
01/04/2006,2848,740,11,629,1479
02/04/2006,1584,887,6,687,10
03/04/2006,4534,802,18,789,2943
04/04/2006,4096,933,16,780,2383
05/04/2006,2136,888,8,679,569
06/04/2006,3097,888,12,621,1588
07/04/2006,4514,746,18,672,3096
08/04/2006,3031,675,12,708,1648
09/04/2006,2905,700,11,743,1462
10/04/2006,3536,748,14,615,2173
11/04/2006,1343,891,5,712,-260
12/04/2006,4193,717,16,638,2838
13/04/2006,3367,683,13,648,2036
14/04/2006,3041,906,12,720,1415
15/04/2006,3520,957,14,734,1829
16/04/2006,3779,786,15,738,2255
17/04/2006,1677,988,6,703,-14
18/04/2006,3633,556,14,754,2323
19/04/2006,1631,615,6,645,371
20/04/2006,1273,657,5,673,-57
21/04/2006,2047,783,8,604,660
22/04/2006,3130,862,12,733,1535
23/04/2006,4030,767,16,704,2559
24/04/2006,2174,741,8,624,809
25/04/2006,1100,707,4,770,-377
26/04/2006,3653,689,14,633,2331
27/04/2006,1091,833,4,727,-469
28/04/2006,2370,583,9,729,1058
29/04/2006,4322,878,17,718,2726
30/04/2006,4287,956,17,665,2666
01/05/2006,2760,887,11,630,1243
02/05/2006,1319,587,5,685,47
03/05/2006,3561,797,14,604,2160
04/05/2006,1104,932,4,783,-611
05/05/2006,2311,615,9,713,983
06/05/2006,3960,810,15,660,2490
07/05/2006,1100,626,4,740,-266
08/05/2006,2153,837,8,678,638
09/05/2006,1167,620,4,674,-127
10/05/2006,4721,863,18,621,3237
11/05/2006,2499,841,9,704,954
12/05/2006,4890,828,19,691,3371
13/05/2006,1778,846,7,708,224
14/05/2006,4394,789,17,640,2965
15/05/2006,3614,763,14,704,2147
16/05/2006,3045,939,12,696,1410
17/05/2006,2801,769,11,738,1294
18/05/2006,1289,601,5,779,-91
19/05/2006,1321,644,5,701,-24
20/05/2006,4623,855,18,618,3150
21/05/2006,4761,677,19,781,3303
22/05/2006,4040,641,16,710,2689
23/05/2006,3296,763,13,747,1786
24/05/2006,2582,632,10,656,1294
25/05/2006,2124,618,8,702,804
26/05/2006,3143,906,12,678,1559
27/05/2006,1667,981,6,612,74
28/05/2006,2098,943,8,685,470
29/05/2006,3444,586,13,760,2098
30/05/2006,4683,636,18,759,3288
31/05/2006,1789,811,7,690,288
01/06/2006,1792,866,7,624,302
02/06/2006,3092,574,12,640,1878
03/06/2006,2799,973,11,605,1221
04/06/2006,1895,590,7,635,670
05/06/2006,4557,849,18,608,3100
06/06/2006,4743,737,18,657,3349
07/06/2006,1291,988,5,687,-384
08/06/2006,3707,866,14,703,2138
09/06/2006,2519,566,10,716,1237
10/06/2006,2670,628,10,660,1382
11/06/2006,1729,790,6,695,244
12/06/2006,4617,593,18,659,3365
13/06/2006,4148,977,16,686,2485
14/06/2006,4907,762,19,690,3455
15/06/2006,1123,935,4,655,-467
16/06/2006,2345,837,9,780,728
17/06/2006,2692,642,10,727,1323
18/06/2006,1712,900,6,770,42
19/06/2006,1724,728,6,727,269
20/06/2006,1303,792,5,710,-199
21/06/2006,4258,862,17,729,2667
22/06/2006,1837,924,7,722,191
23/06/2006,1895,724,7,636,535
